<?xml version="1.0" encoding="UTF-8"?>
<project-private xmlns="http://www.netbeans.org/ns/project-private/1">
    <editor-bookmarks xmlns="http://www.netbeans.org/ns/editor-bookmarks/2" lastBookmarkId="0"/>
    <open-files xmlns="http://www.netbeans.org/ns/projectui-open-files/2">
        <group>
            <file>file:/D:/java/Hospital_system/src/hospital_system/start.java</file>
            <file>file:/D:/java/Hospital_system/src/hospital_system/Home.java</file>
            <file>file:/D:/java/Hospital_system/src/hospital_system/display.java</file>
            <file>file:/D:/java/Hospital_system/src/hospital_system/add.java</file>
            <file>file:/D:/java/Hospital_system/src/hospital_system/search.java</file>
            <file>file:/D:/java/Hospital_system/src/hospital_system/update.java</file>
            <file>file:/D:/java/Hospital_system/src/hospital_system/login.java</file>
            <file>file:/D:/java/Hospital_system/src/hospital_system/book.java</file>
        </group>
    </open-files>
</project-private>
